Year,Forecast_Capacity_MW
2025,2622946.9615473747
2026,2708732.0184105337
2027,2794517.0752736926
2028,2880302.1321368515
2029,2966087.1890000105
