Model,RMSE (MW),MAE (MW),R² Score
Linear Regression,857639.4161149747,788742.417105261,-2.52847389741139
Random Forest,1692.4994526733822,162.96991611076558,0.9724774887410351
Gradient Boosting,1691.7472650410032,220.0423818916223,0.9725019466423872
